{
  "MRR@10": 0.9808498659742705,
  "NDCG@10": 0.9855603345264197,
  "Recall@1": 0.9662961002293983,
  "Recall@3": 0.99594141521087,
  "Recall@5": 0.9985883183342157,
  "Recall@10": 0.9992941591671078,
  "MeanRank": 1.062290453502735,
  "MedianRank": 1.0,
  "NumQueries": 5667,
  "CandidatesPerQuery": 32,
  "Top1_Accuracy": 0.9978935062643374,
  "Top1_Precision": 0.9662961002293983,
  "Top1_Recall": 0.9662961002293983,
  "Top1_F1": 0.9662961002293983,
  "TP": 5476,
  "FP": 191,
  "FN": 191,
  "TN": 175486
}