{
  "MRR@10": 0.8865421781911987,
  "NDCG@10": 0.9073406321680192,
  "Recall@1": 0.8397741309334745,
  "Recall@3": 0.9232398094229751,
  "Recall@5": 0.9477677783659785,
  "Recall@10": 0.9717663666843127,
  "MeanRank": 1.842244573848597,
  "MedianRank": 1.0,
  "NumQueries": 5667,
  "CandidatesPerQuery": 32,
  "Top1_Accuracy": 0.9899858831833421,
  "Top1_Precision": 0.8397741309334745,
  "Top1_Recall": 0.8397741309334745,
  "Top1_F1": 0.8397741309334745,
  "TP": 4759,
  "FP": 908,
  "FN": 908,
  "TN": 174769
}