{
  "MRR@10": 0.9798496292188953,
  "NDCG@10": 0.9841653639918398,
  "Recall@1": 0.9682427664079041,
  "Recall@3": 0.9901199717713479,
  "Recall@5": 0.9932956951305575,
  "Recall@10": 0.9971771347918137,
  "MeanRank": 1.1130910374029641,
  "MedianRank": 1.0,
  "NumQueries": 5668,
  "CandidatesPerQuery": 32,
  "Top1_Accuracy": 0.998015172900494,
  "Top1_Precision": 0.9682427664079041,
  "Top1_Recall": 0.9682427664079041,
  "Top1_F1": 0.9682427664079041,
  "TP": 5488,
  "FP": 180,
  "FN": 180,
  "TN": 175528,
  "NegativeSampling": "tfidf_hard"
}