{
  "MRR@10": 0.9540618058881691,
  "NDCG@10": 0.9628540907268573,
  "Recall@1": 0.9317098994176813,
  "Recall@3": 0.972825127933651,
  "Recall@5": 0.9821775189694724,
  "Recall@10": 0.9895888477148403,
  "MeanRank": 1.3305099700017646,
  "MedianRank": 1.0,
  "NumQueries": 5667,
  "CandidatesPerQuery": 32,
  "Top1_Accuracy": 0.9957318687136051,
  "Top1_Precision": 0.9317098994176813,
  "Top1_Recall": 0.9317098994176813,
  "Top1_F1": 0.9317098994176815,
  "TP": 5280,
  "FP": 387,
  "FN": 387,
  "TN": 175290
}