{
  "MRR@10": 0.9626854605639009,
  "NDCG@10": 0.9693803260812409,
  "Recall@1": 0.9458362738179252,
  "Recall@3": 0.9770642201834863,
  "Recall@5": 0.9834156669019054,
  "Recall@10": 0.9897671136203247,
  "MeanRank": 1.273288637967537,
  "MedianRank": 1.0,
  "NumQueries": 5668,
  "CandidatesPerQuery": 32,
  "Top1_Accuracy": 0.9966147671136203,
  "Top1_Precision": 0.9458362738179252,
  "Top1_Recall": 0.9458362738179252,
  "Top1_F1": 0.9458362738179252,
  "TP": 5361,
  "FP": 307,
  "FN": 307,
  "TN": 175401,
  "NegativeSampling": "tfidf_hard"
}