{
  "MRR@10": 0.960009409550694,
  "NDCG@10": 0.9655379795228405,
  "Recall@1": 0.9463655610444601,
  "Recall@3": 0.9723006351446718,
  "Recall@5": 0.9775935074100212,
  "Recall@10": 0.9823570924488356,
  "MeanRank": 1.4763585038814397,
  "MedianRank": 1.0,
  "NumQueries": 5668,
  "CandidatesPerQuery": 32,
  "Top1_Accuracy": 0.9966478475652788,
  "Top1_Precision": 0.9463655610444601,
  "Top1_Recall": 0.9463655610444601,
  "Top1_F1": 0.9463655610444601,
  "TP": 5364,
  "FP": 304,
  "FN": 304,
  "TN": 175404,
  "NegativeSampling": "tfidf_hard"
}