{
  "MRR@10": 0.9751476803885485,
  "NDCG@10": 0.9810068425098899,
  "Recall@1": 0.957826010234692,
  "Recall@3": 0.9918828304217399,
  "Recall@5": 0.9962943356273161,
  "Recall@10": 0.9982353979177695,
  "MeanRank": 1.0917593082759838,
  "MedianRank": 1.0,
  "NumQueries": 5667,
  "CandidatesPerQuery": 32,
  "Top1_Accuracy": 0.9973641256396683,
  "Top1_Precision": 0.957826010234692,
  "Top1_Recall": 0.957826010234692,
  "Top1_F1": 0.957826010234692,
  "TP": 5428,
  "FP": 239,
  "FN": 239,
  "TN": 175438
}