{
  "MRR@10": 0.9405511028217449,
  "NDCG@10": 0.9512980546424736,
  "Recall@1": 0.9121383203952012,
  "Recall@3": 0.9664784756527875,
  "Recall@5": 0.9745942131263232,
  "Recall@10": 0.9837685250529288,
  "MeanRank": 1.4643613267466478,
  "MedianRank": 1.0,
  "NumQueries": 5668,
  "CandidatesPerQuery": 32,
  "Top1_Accuracy": 0.9945086450247,
  "Top1_Precision": 0.9121383203952012,
  "Top1_Recall": 0.9121383203952012,
  "Top1_F1": 0.9121383203952012,
  "TP": 5170,
  "FP": 498,
  "FN": 498,
  "TN": 175210,
  "NegativeSampling": "tfidf_hard"
}