{
  "MRR@10": 0.984455968343583,
  "NDCG@10": 0.9881716227342677,
  "Recall@1": 0.9740649258997883,
  "Recall@3": 0.9938249823570925,
  "Recall@5": 0.9966478475652788,
  "Recall@10": 0.9992942836979535,
  "MeanRank": 1.0601623147494708,
  "MedianRank": 1.0,
  "NumQueries": 5668,
  "CandidatesPerQuery": 32,
  "Top1_Accuracy": 0.9983790578687368,
  "Top1_Precision": 0.9740649258997883,
  "Top1_Recall": 0.9740649258997883,
  "Top1_F1": 0.9740649258997883,
  "TP": 5521,
  "FP": 147,
  "FN": 147,
  "TN": 175561,
  "NegativeSampling": "tfidf_hard"
}