{
  "MRR@10": 0.9798835848147776,
  "NDCG@10": 0.9845515587825241,
  "Recall@1": 0.9671841919548342,
  "Recall@3": 0.9922371206774877,
  "Recall@5": 0.9948835568101623,
  "Recall@10": 0.9985885673959068,
  "MeanRank": 1.092801693719125,
  "MedianRank": 1.0,
  "NumQueries": 5668,
  "CandidatesPerQuery": 32,
  "Top1_Accuracy": 0.9979490119971771,
  "Top1_Precision": 0.9671841919548342,
  "Top1_Recall": 0.9671841919548342,
  "Top1_F1": 0.9671841919548342,
  "TP": 5482,
  "FP": 186,
  "FN": 186,
  "TN": 175522,
  "NegativeSampling": "tfidf_hard"
}