{
  "MRR@10": 0.9603447696353995,
  "NDCG@10": 0.9697434336937115,
  "Recall@1": 0.9352391035821422,
  "Recall@3": 0.9835892006352568,
  "Recall@5": 0.9929415916710782,
  "Recall@10": 0.9978824775013234,
  "MeanRank": 1.154755602611611,
  "MedianRank": 1.0,
  "NumQueries": 5667,
  "CandidatesPerQuery": 32,
  "Top1_Accuracy": 0.9959524439738839,
  "Top1_Precision": 0.9352391035821422,
  "Top1_Recall": 0.9352391035821422,
  "Top1_F1": 0.9352391035821422,
  "TP": 5300,
  "FP": 367,
  "FN": 367,
  "TN": 175310
}