{
  "MRR@10": 0.9574345766775623,
  "NDCG@10": 0.9661336321536579,
  "Recall@1": 0.9354155637903653,
  "Recall@3": 0.9761778718898888,
  "Recall@5": 0.9848244220928181,
  "Recall@10": 0.9925886712546321,
  "MeanRank": 1.2710428798305982,
  "MedianRank": 1.0,
  "NumQueries": 5667,
  "CandidatesPerQuery": 32,
  "Top1_Accuracy": 0.9959634727368978,
  "Top1_Precision": 0.9354155637903653,
  "Top1_Recall": 0.9354155637903653,
  "Top1_F1": 0.9354155637903653,
  "TP": 5301,
  "FP": 366,
  "FN": 366,
  "TN": 175311
}